CREATE TABLE TBL_PRODUCT_202002 (
	P_CODE CHAR(3) NOT NULL,
	P_NAME VARCHAR2(20),
	P_SIZE NUMBER(4),
	P_INCOST NUMBER(7),
	P_OUTCOST NUMBER(7),
	PRIMARY KEY(P_CODE)
);

INSERT INTO TBL_PRODUCT_202002 VALUES('B01','경랑적색바퀴',150,3000,3600);
INSERT INTO TBL_PRODUCT_202002 VALUES('B02','중량적색바퀴',200,4000,4800);
INSERT INTO TBL_PRODUCT_202002 VALUES('B03','우레탄1.0인치',250,2500,3000);
INSERT INTO TBL_PRODUCT_202002 VALUES('B04','우레탄1.5인치',300,3000,3600);
INSERT INTO TBL_PRODUCT_202002 VALUES('B05','우레탄2.0인치',350,3500,4200);
INSERT INTO TBL_PRODUCT_202002 VALUES('B06','우레탄2.5인치',400,4000,4800);

CREATE TABLE TBL_COMPANY_202002 (
	C_CODE CHAR(3) NOT NULL,
	C_NAME VARCHAR2(20),
	C_TEL1 CHAR(3),
	C_TEL2 CHAR(4),
	C_TEL3 CHAR(4),
	PRIMARY KEY(C_CODE)
);

INSERT INTO TBL_COMPANY_202002 VALUES('10','서울공장',02,1488,1000);
INSERT INTO TBL_COMPANY_202002 VALUES('20','울산공장',052,1488,2000);
INSERT INTO TBL_COMPANY_202002 VALUES('30','부산상사',051,1488,3000);
INSERT INTO TBL_COMPANY_202002 VALUES('40','광주상사',062,1488,4000);
INSERT INTO TBL_COMPANY_202002 VALUES('50','대전상사',042,1488,5000);

CREATE TABLE TBL_INOUT_202002 (
	T_NO CHAR(8) NOT NULL,
	P_CODE CHAR(3),
	T_TYPE CHAR(1),
	T_CNT NUMBER(4),
	T_DATE DATE,
	C_CODE CHAR(3),
	PRIMARY KEY(T_NO)
);

drop table TBL_INOUT_202002;

INSERT INTO TBL_INOUT_202002 VALUES('20200001','B01','I',100,'20200101','10');
INSERT INTO TBL_INOUT_202002 VALUES('20200002','B02','I',100,'20200101','10');
INSERT INTO TBL_INOUT_202002 VALUES('20200003','B03','I',200,'20200101','20');
INSERT INTO TBL_INOUT_202002 VALUES('20200004','B04','I',300,'20200101','20');
INSERT INTO TBL_INOUT_202002 VALUES('20200005','B05','I',400,'20200101','20');

select * from TBL_INOUT_202002;
